class_name,subject_name,subject_order,chapter_name,chapter_order,topic_name,topic_type,topic_description,content_type,content_url
Class 4,English,1,Together We Can,1,Unjumble the Words,INTERACTIVE,Drag and drop the words to make the lines of the poem.,IFRAME,"<iframe style=""max-width:100%"" src=""https://wordwall.net/embed/play/97606/424/175"" width=""500"" height=""380"" frameborder=""0"" allowfullscreen></iframe>"
Class 4,English,1,Together We Can,1,Multiple Choice Questions,INTERACTIVE,Choose the correct answer for each of the questions.,IFRAME,"<iframe style=""max-width:100%"" src=""https://wordwall.net/embed/play/97604/346/338"" width=""500"" height=""380"" frameborder=""0"" allowfullscreen></iframe>"
Class 4,English,1,Together We Can,1,True or False,INTERACTIVE,Read the statements and decide if they are true or false.,IFRAME,"<iframe allow=""fullscreen; autoplay; allow-top-navigation-by-user-activation"" allowfullscreen width=""795"" height=""690"" frameborder=""0"" src=""https://www.educaplay.com/game/25380483-teamwork_true_false_quiz.html""></iframe>"
Class 4,English,1,Together We Can,1,Matching Activity,INTERACTIVE,Match the collective nouns to the correct description.,IFRAME,"<iframe style=""max-width:100%"" src=""https://wordwall.net/embed/play/97604/217/537"" width=""500"" height=""380"" frameborder=""0"" allowfullscreen></iframe>"
Class 4,English,1,Together We Can,1,Multiple Choice Questions,INTERACTIVE,Choose the correct preposition.,IFRAME,"<iframe style=""max-width:100%"" src=""https://wordwall.net/embed/play/97605/889/877"" width=""500"" height=""380"" frameborder=""0"" allowfullscreen></iframe>"
Class 4,English,1,The Tinkling Bells,2,Arrange in Order,INTERACTIVE,Sort the story parts in the right order.,IFRAME,"<iframe style=""max-width:100%"" src=""https://wordwall.net/embed/play/97608/356/860"" width=""500"" height=""380"" frameborder=""0"" allowfullscreen></iframe>"
Class 4,English,1,The Tinkling Bells,2,True or False,INTERACTIVE,Read the statements and decide if they are true or false.,IFRAME,"<iframe allow=""fullscreen; autoplay; allow-top-navigation-by-user-activation"" allowfullscreen width=""795"" height=""690"" frameborder=""0"" src=""https://www.educaplay.com/game/25380485-chinna_and_tara_truth_or_lie.html""></iframe>"
Class 4,English,1,The Tinkling Bells,2,Word Search,INTERACTIVE,Find some good qualities hidden in this grid.,IFRAME,"<iframe allow=""fullscreen; autoplay; allow-top-navigation-by-user-activation"" allowfullscreen width=""795"" height=""690"" frameborder=""0"" src=""https://www.educaplay.com/game/25380980-virtues_word_hunt.html""></iframe>"
Class 4,English,1,The Tinkling Bells,2,Multiple Choice Questions,INTERACTIVE,Choose the correct answer after placing your bet.,IFRAME,"<iframe style=""max-width:100%"" src=""https://wordwall.net/embed/play/97606/948/293"" width=""500"" height=""380"" frameborder=""0"" allowfullscreen></iframe>"
Class 4,English,1,The Tinkling Bells,2,Learn the Keywords,INTERACTIVE,Match the keywords and their definitions.,IFRAME,"<iframe style=""max-width:100%"" src=""https://wordwall.net/embed/play/97606/809/996"" width=""500"" height=""380"" frameborder=""0"" allowfullscreen></iframe>"
Class 4,English,1,The Tinkling Bells,2,Matching Pairs,INTERACTIVE,Tap a pair of tiles and match the antonyms.,IFRAME,"<iframe style=""max-width:100%"" src=""https://wordwall.net/embed/play/97608/010/888"" width=""500"" height=""380"" frameborder=""0"" allowfullscreen></iframe>"
Class 4,English,1,"Be Smart, Be Safe",3,True or False,INTERACTIVE,Read the statements and decide if they are true or false.,IFRAME,"<iframe allow=""fullscreen; autoplay; allow-top-navigation-by-user-activation"" allowfullscreen width=""795"" height=""690"" frameborder=""0"" src=""https://www.educaplay.com/game/25380486-road_safety_true_or_false.html""></iframe>"
Class 4,English,1,"Be Smart, Be Safe",3,Learn the Keywords,INTERACTIVE,Match the keywords and their definitions.,IFRAME,"<iframe style=""max-width:100%"" src=""https://wordwall.net/embed/play/97761/618/481"" width=""500"" height=""380"" frameborder=""0"" allowfullscreen></iframe>"
Class 4,English,1,"Be Smart, Be Safe",3,Multiple Choice Questions,INTERACTIVE,Choose the correct answer for each of the questions.,IFRAME,"<iframe style=""max-width:100%"" src=""https://wordwall.net/embed/play/97761/709/340"" width=""500"" height=""380"" frameborder=""0"" allowfullscreen></iframe>"
Class 4,English,1,"Be Smart, Be Safe",3,Matching Activity,INTERACTIVE,Match the traffic signs and their meanings.,IFRAME,"<iframe style=""max-width:100%"" src=""https://wordwall.net/embed/play/97761/977/206"" width=""500"" height=""380"" frameborder=""0"" allowfullscreen></iframe>"
Class 4,English,1,"Be Smart, Be Safe",3,Sorting Activity,INTERACTIVE,Sort these statements into the correct groups.,IFRAME,"<iframe style=""max-width:100%"" src=""https://wordwall.net/embed/play/97761/551/119"" width=""500"" height=""380"" frameborder=""0"" allowfullscreen></iframe>"
Class 4,English,1,"Be Smart, Be Safe",3,Grouping Activity,INTERACTIVE,Sort these words into the correct groups.,IFRAME,"<iframe style=""max-width:100%"" src=""https://wordwall.net/embed/play/97762/267/154"" width=""500"" height=""380"" frameborder=""0"" allowfullscreen></iframe>"
Class 4,English,1,One Thing at a Time,4,Learn the keywords,INTERACTIVE,Rearrange the letters to make these keywords using their definitions as clues.,IFRAME,"<iframe style=""max-width:100%"" src=""https://wordwall.net/embed/play/97762/439/769"" width=""500"" height=""380"" frameborder=""0"" allowfullscreen></iframe>"
Class 4,English,1,One Thing at a Time,4,True or False,INTERACTIVE,Read the statements and decide if they are true or false.,IFRAME,"<iframe allow=""fullscreen; autoplay; allow-top-navigation-by-user-activation"" allowfullscreen width=""795"" height=""690"" frameborder=""0"" src=""https://www.educaplay.com/game/25380487-one_task_at_a_time_true_or_false.html""></iframe>"
Class 4,English,1,One Thing at a Time,4,Multiple Choice Questions,INTERACTIVE,Choose the correct answer after placing your bet.,IFRAME,"<iframe style=""max-width:100%"" src=""https://wordwall.net/embed/play/97762/536/989"" width=""500"" height=""380"" frameborder=""0"" allowfullscreen></iframe>"
Class 4,English,1,One Thing at a Time,4,Whack-a-Mole,INTERACTIVE,Hit moles that have silent 'l'.,IFRAME,"<iframe style=""max-width:100%"" src=""https://wordwall.net/embed/play/97762/793/651"" width=""500"" height=""380"" frameborder=""0"" allowfullscreen></iframe>"
Class 4,English,1,One Thing at a Time,4,Unjmble the Words,INTERACTIVE,Drag and drop the words to make meaningful sentences.,IFRAME,"<iframe style=""max-width:100%"" src=""https://wordwall.net/embed/play/97762/624/818"" width=""500"" height=""380"" frameborder=""0"" allowfullscreen></iframe>"
Class 4,English,1,The Old Stag,5,Fill in the Blanks,INTERACTIVE,Choose the correct word and complete the sentences.,IFRAME,"<iframe style=""max-width:100%"" src=""https://wordwall.net/embed/play/97763/668/466"" width=""500"" height=""380"" frameborder=""0"" allowfullscreen></iframe>"
Class 4,English,1,The Old Stag,5,Arrange in Order,INTERACTIVE,Sort the events of the story from start to end.,IFRAME,"<iframe allow=""fullscreen; autoplay; allow-top-navigation-by-user-activation"" allowfullscreen width=""795"" height=""690"" frameborder=""0"" src=""https://www.educaplay.com/game/25421063-forest_stag_order_the_story.html""></iframe>"
Class 4,English,1,The Old Stag,5,Multiple Choice Questions,INTERACTIVE,Choose the correct answer for each of the questions.,IFRAME,"<iframe allow=""fullscreen; autoplay; allow-top-navigation-by-user-activation"" allowfullscreen width=""795"" height=""690"" frameborder=""0"" src=""https://www.educaplay.com/game/25420846-old_stag_fable_quiz.html""></iframe>"
Class 4,English,1,The Old Stag,5,Learn the Keywords,INTERACTIVE,Match the keywords and their definitions.,IFRAME,"<iframe style=""max-width:100%"" src=""https://wordwall.net/embed/play/97763/056/843"" width=""500"" height=""380"" frameborder=""0"" allowfullscreen></iframe>"
Class 4,English,1,The Old Stag,5,True or False,INTERACTIVE,Check if these statements are true or false.,IFRAME,"<iframe allow=""fullscreen; autoplay; allow-top-navigation-by-user-activation"" allowfullscreen width=""795"" height=""690"" frameborder=""0"" src=""https://www.educaplay.com/game/25380488-stag_and_hillock_true_or_false.html""></iframe>"
Class 4,English,1,The Old Stag,5,Sorting Activity,INTERACTIVE,Sort these words into the correct groups.,IFRAME,"<iframe style=""max-width:100%"" src=""https://wordwall.net/embed/play/97763/313/117"" width=""500"" height=""380"" frameborder=""0"" allowfullscreen></iframe>"
Class 4,English,1,Braille,6,Multiple Choice Questions,INTERACTIVE,Tap the boxes and answer each of the questions.,IFRAME,"<iframe style=""max-width:100%"" src=""https://wordwall.net/embed/play/97764/555/362"" width=""500"" height=""380"" frameborder=""0"" allowfullscreen></iframe>"
Class 4,English,1,Braille,6,True or False,INTERACTIVE,Read the statements and decide if they are true or false.,IFRAME,"<iframe allow=""fullscreen; autoplay; allow-top-navigation-by-user-activation"" allowfullscreen width=""795"" height=""690"" frameborder=""0"" src=""https://www.educaplay.com/game/25380489-braille_facts_true_or_false.html""></iframe>"
Class 4,English,1,Braille,6,Learn the Keywords,INTERACTIVE,Match the keywords and their definitions.,IFRAME,"<iframe style=""max-width:100%"" src=""https://wordwall.net/embed/play/97765/083/831"" width=""500"" height=""380"" frameborder=""0"" allowfullscreen></iframe>"
Class 4,English,1,Braille,6,Fill in the Blanks,INTERACTIVE,Fill in the blanks with the correct word.,IFRAME,"<iframe style=""max-width:100%"" src=""https://wordwall.net/embed/play/97764/759/578"" width=""500"" height=""380"" frameborder=""0"" allowfullscreen></iframe>"
Class 4,English,1,"Fit Body, Fit Mind, Fit Nation",7,Fill in the Blanks,INTERACTIVE,Fill in the blanks with the correct word to complete the lines of the poem.,IFRAME,"<iframe style=""max-width:100%"" src=""https://wordwall.net/embed/play/97765/892/962"" width=""500"" height=""380"" frameborder=""0"" allowfullscreen></iframe>"
Class 4,English,1,"Fit Body, Fit Mind, Fit Nation",7,Multiple Choice Questions,INTERACTIVE,Choose the correct answer after placing your bet.,IFRAME,"<iframe style=""max-width:100%"" src=""https://wordwall.net/embed/play/97765/490/534"" width=""500"" height=""380"" frameborder=""0"" allowfullscreen></iframe>"
Class 4,English,1,"Fit Body, Fit Mind, Fit Nation",7,True or False,INTERACTIVE,Check if these statements are true or false.,IFRAME,"<iframe allow=""fullscreen; autoplay; allow-top-navigation-by-user-activation"" allowfullscreen width=""795"" height=""690"" frameborder=""0"" src=""https://www.educaplay.com/game/25380490-youth_games_true_or_false.html""></iframe>"
Class 4,English,1,"Fit Body, Fit Mind, Fit Nation",7,Learn the Keywords,INTERACTIVE,Rearrange the letters to make these keywords using their definitions as clues.,IFRAME,"<iframe style=""max-width:100%"" src=""https://wordwall.net/embed/play/97765/364/729"" width=""500"" height=""380"" frameborder=""0"" allowfullscreen></iframe>"
Class 4,English,1,"Fit Body, Fit Mind, Fit Nation",7,Matching pairs,INTERACTIVE,Tap a pair of tiles and match the rhyming words.,IFRAME,"<iframe style=""max-width:100%"" src=""https://wordwall.net/embed/play/97765/695/267"" width=""500"" height=""380"" frameborder=""0"" allowfullscreen></iframe>"
Class 4,English,1,The Lagori Champions,8,Arrange in Order,INTERACTIVE,Arrange the events of the story in the correct order.,IFRAME,"<iframe allow=""fullscreen; autoplay; allow-top-navigation-by-user-activation"" allowfullscreen width=""795"" height=""690"" frameborder=""0"" src=""https://www.educaplay.com/game/25421365-lagori_game_timeline.html""></iframe>"
Class 4,English,1,The Lagori Champions,8,Multiple Choice Questions,INTERACTIVE,Choose the correct answer for each of the questions.,IFRAME,"<iframe style=""max-width:100%"" src=""https://wordwall.net/embed/play/97766/188/668"" width=""500"" height=""380"" frameborder=""0"" allowfullscreen></iframe>"
Class 4,English,1,The Lagori Champions,8,True or False,INTERACTIVE,Read the statements and decide if they are true or false.,IFRAME,"<iframe allow=""fullscreen; autoplay; allow-top-navigation-by-user-activation"" allowfullscreen width=""795"" height=""690"" frameborder=""0"" src=""https://www.educaplay.com/game/25380491-lagori_quiz_true_or_false.html""></iframe>"
Class 4,English,1,The Lagori Champions,8,Learn the Keywords,INTERACTIVE,Match the keywords and their definitions.,IFRAME,"<iframe style=""max-width:100%"" src=""https://wordwall.net/embed/play/97766/082/585"" width=""500"" height=""380"" frameborder=""0"" allowfullscreen></iframe>"
Class 4,English,1,Hekko,9,Multiple Choice Questions,INTERACTIVE,Choose the correct answer after placing your bet.,IFRAME,"<iframe style=""max-width:100%"" src=""https://wordwall.net/embed/play/97767/516/170"" width=""500"" height=""380"" frameborder=""0"" allowfullscreen></iframe>"
Class 4,English,1,Hekko,9,True or False,INTERACTIVE,Check if these statements are true or false.,IFRAME,"<iframe allow=""fullscreen; autoplay; allow-top-navigation-by-user-activation"" allowfullscreen width=""795"" height=""690"" frameborder=""0"" src=""https://www.educaplay.com/game/25380492-hekko_true_or_false_quiz.html""></iframe>"
Class 4,English,1,Hekko,9,Learn the Keywords,INTERACTIVE,Match the keywords and their definitions.,IFRAME,"<iframe style=""max-width:100%"" src=""https://wordwall.net/embed/play/97767/405/748"" width=""500"" height=""380"" frameborder=""0"" allowfullscreen></iframe>"
Class 4,English,1,Hekko,9,Sorting Activity,INTERACTIVE,Sort these statements into the correct groups.,IFRAME,"<iframe style=""max-width:100%"" src=""https://wordwall.net/embed/play/97768/047/414"" width=""500"" height=""380"" frameborder=""0"" allowfullscreen></iframe>"
Class 4,English,1,Hekko,9,Fill in the Blanks,INTERACTIVE,Choose the correct word to fill in the blanks.,IFRAME,"<iframe style=""max-width:100%"" src=""https://wordwall.net/embed/play/97767/875/842"" width=""500"" height=""380"" frameborder=""0"" allowfullscreen></iframe>"
Class 4,EVS,2,Living Together,1,Multiple Choice Questions,INTERACTIVE,Choose the correct answer for each question.,IFRAME,"<iframe style=""max-width:100%"" src=""https://wordwall.net/embed/play/97509/790/226"" width=""500"" height=""380"" frameborder=""0"" allowfullscreen></iframe>"
Class 4,EVS,2,Living Together,1,Solve the Riddles,INTERACTIVE,Guess the word by solving the riddle.,IFRAME,"<iframe style=""max-width:100%"" src=""https://wordwall.net/embed/play/97509/472/188"" width=""500"" height=""380"" frameborder=""0"" allowfullscreen></iframe>"
Class 4,EVS,2,Living Together,1,Learn the Keywords,INTERACTIVE,Find the keywords of the chapter by rearranging the words.,IFRAME,"<iframe style=""max-width:100%"" src=""https://wordwall.net/embed/play/97509/266/766"" width=""500"" height=""380"" frameborder=""0"" allowfullscreen></iframe>"
Class 4,EVS,2,Living Together,1,True or False,INTERACTIVE,Read the statements and decide if they are true or false.,IFRAME,"<iframe allow=""fullscreen; autoplay; allow-top-navigation-by-user-activation"" allowfullscreen width=""795"" height=""690"" frameborder=""0"" src=""https://www.educaplay.com/game/25358883-community_helpers_true_false_quiz.html""></iframe>"
Class 4,EVS,2,Exploring Our Neighbourhood,2,Multiple Choice Questions,INTERACTIVE,Choose the correct answer after placing your bet.,IFRAME,"<iframe style=""max-width:100%"" src=""https://wordwall.net/embed/play/97510/072/801"" width=""500"" height=""380"" frameborder=""0"" allowfullscreen></iframe>"
Class 4,EVS,2,Exploring Our Neighbourhood,2,Learn the Keywords,INTERACTIVE,Match the keywords and their definitions.,IFRAME,"<iframe style=""max-width:100%"" src=""https://wordwall.net/embed/play/97509/951/321"" width=""500"" height=""380"" frameborder=""0"" allowfullscreen></iframe>"
Class 4,EVS,2,Exploring Our Neighbourhood,2,True or False,INTERACTIVE,Check if these statements are true or false.,IFRAME,"<iframe allow=""fullscreen; autoplay; allow-top-navigation-by-user-activation"" allowfullscreen width=""795"" height=""690"" frameborder=""0"" src=""https://www.educaplay.com/game/25358873-yes_or_no_history_of_communication.html""></iframe>"
Class 4,EVS,2,Exploring Our Neighbourhood,2,Grouping Activity,INTERACTIVE,Sort these professions into the correct groups.,IFRAME,"<iframe style=""max-width:100%"" src=""https://wordwall.net/embed/play/97510/348/496"" width=""500"" height=""380"" frameborder=""0"" allowfullscreen></iframe>"
Class 4,EVS,2,Exploring Our Neighbourhood,2,True or False,INTERACTIVE,Read the statements and decide if they are true or false.,IFRAME,"<iframe style=""max-width:100%"" src=""https://wordwall.net/embed/play/97508/037/874"" width=""500"" height=""380"" frameborder=""0"" allowfullscreen></iframe>"
Class 4,EVS,2,Nature Trail,3,Multiple Choice Questions,INTERACTIVE,Choose the correct answer for each of the questions.,IFRAME,"<iframe style=""max-width:100%"" src=""https://wordwall.net/embed/play/97510/521/681"" width=""500"" height=""380"" frameborder=""0"" allowfullscreen></iframe>"
Class 4,EVS,2,Nature Trail,3,True or False,INTERACTIVE,Check if these statements are true or false.,IFRAME,"<iframe allow=""fullscreen; autoplay; allow-top-navigation-by-user-activation"" allowfullscreen width=""795"" height=""690"" frameborder=""0"" src=""https://www.educaplay.com/game/25358874-forest_true_or_false_quiz.html""></iframe>"
Class 4,EVS,2,Nature Trail,3,Sorting Activity,INTERACTIVE,Sort these statements into the correct groups.,IFRAME,"<iframe style=""max-width:100%"" src=""https://wordwall.net/embed/play/97511/760/368"" width=""500"" height=""380"" frameborder=""0"" allowfullscreen></iframe>"
Class 4,EVS,2,Nature Trail,3,True or False,INTERACTIVE,Read the statements and decide if they are true or false.,IFRAME,"<iframe style=""max-width:100%"" src=""https://wordwall.net/embed/play/97508/124/585"" width=""500"" height=""380"" frameborder=""0"" allowfullscreen></iframe>"
Class 4,EVS,2,Nature Trail,3,Grouping Activity,INTERACTIVE,Sort these creatures into the correct groups.,IFRAME,"<iframe style=""max-width:100%"" src=""https://wordwall.net/embed/play/97511/879/434"" width=""500"" height=""380"" frameborder=""0"" allowfullscreen></iframe>"
Class 4,EVS,2,Growing up with Nature,4,True or False,INTERACTIVE,Check if these statements are true or false.,IFRAME,"<iframe allow=""fullscreen; autoplay; allow-top-navigation-by-user-activation"" allowfullscreen width=""795"" height=""690"" frameborder=""0"" src=""https://www.educaplay.com/game/25358875-nature_quiz_true_or_false.html""></iframe>"
Class 4,EVS,2,Growing up with Nature,4,Multiple Choice Questions,INTERACTIVE,Choose the correct answer after placing your bet.,IFRAME,"<iframe style=""max-width:100%"" src=""https://wordwall.net/embed/play/97512/027/319"" width=""500"" height=""380"" frameborder=""0"" allowfullscreen></iframe>"
Class 4,EVS,2,Growing up with Nature,4,True or False,INTERACTIVE,Read the statements and decide if they are true or false.,IFRAME,"<iframe style=""max-width:100%"" src=""https://wordwall.net/embed/play/97508/215/854"" width=""500"" height=""380"" frameborder=""0"" allowfullscreen></iframe>"
Class 4,EVS,2,Growing up with Nature,4,Grouping Activity,INTERACTIVE,Read these statements and check if they are helpful or harmful for the environment.,IFRAME,"<iframe style=""max-width:100%"" src=""https://wordwall.net/embed/play/97512/207/673"" width=""500"" height=""380"" frameborder=""0"" allowfullscreen></iframe>"
Class 4,EVS,2,Food for Health,5,Word Search,INTERACTIVE,"Find common fruits, vegetables, and staples.",IFRAME,"<iframe allow=""fullscreen; autoplay; allow-top-navigation-by-user-activation"" allowfullscreen width=""795"" height=""690"" frameborder=""0"" src=""https://www.educaplay.com/game/25359985-word_search_fruits_vegetables_and_staples.html""></iframe>"
Class 4,EVS,2,Food for Health,5,True or False,INTERACTIVE,Check if these statements are true or false.,IFRAME,"<iframe style=""max-width:100%"" src=""https://wordwall.net/embed/play/97508/269/825"" width=""500"" height=""380"" frameborder=""0"" allowfullscreen></iframe>"
Class 4,EVS,2,Food for Health,5,Multiple Choice Questions,INTERACTIVE,Choose the correct answer for each of the questions.,IFRAME,"<iframe style=""max-width:100%"" src=""https://wordwall.net/embed/play/97512/358/511"" width=""500"" height=""380"" frameborder=""0"" allowfullscreen></iframe>"
Class 4,EVS,2,Food for Health,5,Sorting Activity,INTERACTIVE,Sort these food items into the correct groups.,IFRAME,"<iframe style=""max-width:100%"" src=""https://wordwall.net/embed/play/97512/358/511"" width=""500"" height=""380"" frameborder=""0"" allowfullscreen></iframe>"
Class 4,EVS,2,Food for Health,5,Grouping Activity,INTERACTIVE,Sort these habits into the correct groups.,IFRAME,"<iframe style=""max-width:100%"" src=""https://wordwall.net/embed/play/97512/910/672"" width=""500"" height=""380"" frameborder=""0"" allowfullscreen></iframe>"
Class 4,EVS,2,Food for Health,5,Sorting Activity,INTERACTIVE,Sort these food items into the correct taste groups.,IFRAME,"<iframe style=""max-width:100%"" src=""https://wordwall.net/embed/play/97512/747/728"" width=""500"" height=""380"" frameborder=""0"" allowfullscreen></iframe>"
Class 4,EVS,2,Food for Health,5,True or False,INTERACTIVE,Read the statements and decide if they are true or false.,IFRAME,"<iframe allow=""fullscreen; autoplay; allow-top-navigation-by-user-activation"" allowfullscreen width=""795"" height=""690"" frameborder=""0"" src=""https://www.educaplay.com/game/25358876-healthy_living_true_or_false.html""></iframe>"
Class 4,EVS,2,Happy and Healthy Living,6,Learn the Keywords,INTERACTIVE,Match the keywords and their definitions.,IFRAME,"<iframe style=""max-width:100%"" src=""https://wordwall.net/embed/play/97514/347/316"" width=""500"" height=""380"" frameborder=""0"" allowfullscreen></iframe>"
Class 4,EVS,2,Happy and Healthy Living,6,Fill in the Blanks,INTERACTIVE,Complete these definitions by filling the blanks.,IFRAME,"<iframe allow=""fullscreen; autoplay; allow-top-navigation-by-user-activation"" allowfullscreen width=""795"" height=""690"" frameborder=""0"" src=""https://www.educaplay.com/game/25360274-ncert_4_evs_6_fill_in_the_blanks.html""></iframe>"
Class 4,EVS,2,Happy and Healthy Living,6,True or False,INTERACTIVE,Read the statements and decide if they are true or false.,IFRAME,"<iframe allow=""fullscreen; autoplay; allow-top-navigation-by-user-activation"" allowfullscreen width=""795"" height=""690"" frameborder=""0"" src=""https://www.educaplay.com/game/25358877-food_facts_true_or_false_quiz.html""></iframe>"
Class 4,EVS,2,Happy and Healthy Living,6,Arrange in Order,INTERACTIVE,Arrange these steps in the correct order.,IFRAME,"<iframe style=""max-width:100%"" src=""https://wordwall.net/embed/play/97513/863/743"" width=""500"" height=""380"" frameborder=""0"" allowfullscreen></iframe>"
Class 4,EVS,2,Happy and Healthy Living,6,Whack-a-Mole,INTERACTIVE,Hit the essential things in the journey of grains.,IFRAME,"<iframe style=""max-width:100%"" src=""https://wordwall.net/embed/play/97514/638/190"" width=""500"" height=""380"" frameborder=""0"" allowfullscreen></iframe>"
Class 4,EVS,2,Happy and Healthy Living,6,Matching Activity,INTERACTIVE,Match the food item and their ingredients.,IFRAME,"<iframe style=""max-width:100%"" src=""https://wordwall.net/embed/play/97514/112/352"" width=""500"" height=""380"" frameborder=""0"" allowfullscreen></iframe>"
Class 4,EVS,2,Happy and Healthy Living,6,True or False,INTERACTIVE,Check if these statements are true or false.,IFRAME,"<iframe style=""max-width:100%"" src=""https://wordwall.net/embed/play/97508/312/577"" width=""500"" height=""380"" frameborder=""0"" allowfullscreen></iframe>"
Class 4,EVS,2,How Things Work,7,True or False,INTERACTIVE,Check if these statements are true or false.,IFRAME,"<iframe style=""max-width:100%"" src=""https://wordwall.net/embed/play/97508/389/108"" width=""500"" height=""380"" frameborder=""0"" allowfullscreen></iframe>"
Class 4,EVS,2,How Things Work,7,Multiple Choice Questions,INTERACTIVE,Choose the correct answer for each of the questions.,IFRAME,"<iframe style=""max-width:100%"" src=""https://wordwall.net/embed/play/97680/799/231"" width=""500"" height=""380"" frameborder=""0"" allowfullscreen></iframe>"
Class 4,EVS,2,How Things Work,7,Whack-a-Mole,INTERACTIVE,Hit the objects that float.,IFRAME,"<iframe style=""max-width:100%"" src=""https://wordwall.net/embed/play/97680/635/480"" width=""500"" height=""380"" frameborder=""0"" allowfullscreen></iframe>"
Class 4,EVS,2,How Things Work,7,True or False,INTERACTIVE,Read the statements and decide if they are true or false.,IFRAME,"<iframe allow=""fullscreen; autoplay; allow-top-navigation-by-user-activation"" allowfullscreen width=""795"" height=""690"" frameborder=""0"" src=""https://www.educaplay.com/game/25358879-spin_float_true_or_false.html""></iframe>"
Class 4,EVS,2,How Things are Made,8,True or False,INTERACTIVE,Check if these statements are true or false.,IFRAME,"<iframe allow=""fullscreen; autoplay; allow-top-navigation-by-user-activation"" allowfullscreen width=""795"" height=""690"" frameborder=""0"" src=""https://www.educaplay.com/game/25358880-eco_quiz_true_or_false.html""></iframe>"
Class 4,EVS,2,How Things are Made,8,Learn the Keywords,INTERACTIVE,Match the keywords and their definitions.,IFRAME,"<iframe style=""max-width:100%"" src=""https://wordwall.net/embed/play/97681/010/775"" width=""500"" height=""380"" frameborder=""0"" allowfullscreen></iframe>"
Class 4,EVS,2,How Things are Made,8,Multiple Choice Questions,INTERACTIVE,Tap each box and choose the correct answer for each of the questions.,IFRAME,"<iframe style=""max-width:100%"" src=""https://wordwall.net/embed/play/97681/154/284"" width=""500"" height=""380"" frameborder=""0"" allowfullscreen></iframe>"
Class 4,EVS,2,How Things are Made,8,Grouping Activity,INTERACTIVE,Sort these actions into the correct groups.,IFRAME,"<iframe style=""max-width:100%"" src=""https://wordwall.net/embed/play/97681/293/338"" width=""500"" height=""380"" frameborder=""0"" allowfullscreen></iframe>"
Class 4,EVS,2,How Things are Made,8,True or False,INTERACTIVE,Read the statements and decide if they are true or false.,IFRAME,"<iframe style=""max-width:100%"" src=""https://wordwall.net/embed/play/97508/680/797"" width=""500"" height=""380"" frameborder=""0"" allowfullscreen></iframe>"
Class 4,EVS,2,"Different Lands, Different Lives",9,Learn the Keywords,INTERACTIVE,Match the keywords and their definitions.,IFRAME,"<iframe style=""max-width:100%"" src=""https://wordwall.net/embed/play/97682/204/405"" width=""500"" height=""380"" frameborder=""0"" allowfullscreen></iframe>"
Class 4,EVS,2,"Different Lands, Different Lives",9,True or False,INTERACTIVE,Read the statements and decide if they are true or false.,IFRAME,"<iframe style=""max-width:100%"" src=""https://wordwall.net/embed/play/97508/777/790"" width=""500"" height=""380"" frameborder=""0"" allowfullscreen></iframe>"
Class 4,EVS,2,"Different Lands, Different Lives",9,Grouping Activity,INTERACTIVE,Sort these statements into the correct regions.,IFRAME,"<iframe style=""max-width:100%"" src=""https://wordwall.net/embed/play/97682/004/201"" width=""500"" height=""380"" frameborder=""0"" allowfullscreen></iframe>"
Class 4,EVS,2,"Different Lands, Different Lives",9,Multiple Choice Questions,INTERACTIVE,Choose the correct answer after placing your bet.,IFRAME,"<iframe style=""max-width:100%"" src=""https://wordwall.net/embed/play/97682/105/774"" width=""500"" height=""380"" frameborder=""0"" allowfullscreen></iframe>"
Class 4,EVS,2,"Different Lands, Different Lives",9,True or False,INTERACTIVE,Check if these statements are true or false.,IFRAME,"<iframe allow=""fullscreen; autoplay; allow-top-navigation-by-user-activation"" allowfullscreen width=""795"" height=""690"" frameborder=""0"" src=""https://www.educaplay.com/game/25358881-true_or_false_desert_mountain_facts.html""></iframe>"
Class 4,EVS,2,Our Sky,10,Arrange in Order,INTERACTIVE,Arrange the day from sunrise to sunset.,IFRAME,"<iframe allow=""fullscreen; autoplay; allow-top-navigation-by-user-activation"" allowfullscreen width=""795"" height=""690"" frameborder=""0"" src=""https://www.educaplay.com/game/25400390-sunrise_to_sunset_daily_cycle.html""></iframe>"
Class 4,EVS,2,Our Sky,10,True or False,INTERACTIVE,Check if these statements are true or false.,IFRAME,"<iframe allow=""fullscreen; autoplay; allow-top-navigation-by-user-activation"" allowfullscreen width=""795"" height=""690"" frameborder=""0"" src=""https://www.educaplay.com/game/25358882-sun_and_shadows_true_false_quiz.html""></iframe>"
Class 4,EVS,2,Our Sky,10,Multiple Choice Questions,INTERACTIVE,Choose the correct answer for each of the questions.,IFRAME,"<iframe style=""max-width:100%"" src=""https://wordwall.net/embed/play/97682/796/904"" width=""500"" height=""380"" frameborder=""0"" allowfullscreen></iframe>"
Class 4,EVS,2,Our Sky,10,Sorting Activity,INTERACTIVE, Sort these statements into the correct groups.,IFRAME,"<iframe style=""max-width:100%"" src=""https://wordwall.net/embed/play/97682/538/261"" width=""500"" height=""380"" frameborder=""0"" allowfullscreen></iframe>"
Class 4,EVS,2,Our Sky,10,True or False,INTERACTIVE,Read the statements and decide if they are true or false.,IFRAME,"<iframe style=""max-width:100%"" src=""https://wordwall.net/embed/play/97508/833/322"" width=""500"" height=""380"" frameborder=""0"" allowfullscreen></iframe>"
Class 4,Maths,3,Shapes Around Us,1,Learn the Keywords,INTERACTIVE,Match the keywords and their definitions.,IFRAME,"<iframe style=""max-width:100%"" src=""https://wordwall.net/embed/play/97528/560/538"" width=""500"" height=""380"" frameborder=""0"" allowfullscreen></iframe>"
Class 4,Maths,3,Shapes Around Us,1,True or False,INTERACTIVE,Identify true/false statements about 3D shapes.,IFRAME,"<iframe allow=""fullscreen; autoplay; allow-top-navigation-by-user-activation"" allowfullscreen width=""795"" height=""690"" frameborder=""0"" src=""https://www.educaplay.com/game/25361667-shapes_true_false_challenge.html""></iframe>"
Class 4,Maths,3,Shapes Around Us,1,Grouping Activity,INTERACTIVE,Sort these statements into the correct groups.,IFRAME,"<iframe style=""max-width:100%"" src=""https://wordwall.net/embed/play/97528/898/242"" width=""500"" height=""380"" frameborder=""0"" allowfullscreen></iframe>"
Class 4,Maths,3,Shapes Around Us,1,Sorting Activity,INTERACTIVE,Sort these angles into the correct groups.,IFRAME,"<iframe style=""max-width:100%"" src=""https://wordwall.net/embed/play/97529/052/930"" width=""500"" height=""380"" frameborder=""0"" allowfullscreen></iframe>"
Class 4,Maths,3,Shapes Around Us,1,Sorting Activity,INTERACTIVE,Sort these objects into the correct groups.,IFRAME,"<iframe style=""max-width:100%"" src=""https://wordwall.net/embed/play/97529/200/336"" width=""500"" height=""380"" frameborder=""0"" allowfullscreen></iframe>"
Class 5,English,1,Papa’s Spectacles,1,Fill in the Blanks,INTERACTIVE,Fill in the blanks with the correct prepositions.,IFRAME,"<iframe style=""max-width:100%"" src=""https://wordwall.net/embed/play/97595/244/473"" width=""500"" height=""380"" frameborder=""0"" allowfullscreen></iframe>"
Class 5,English,1,Papa’s Spectacles,1,Multiple Choice Questions,INTERACTIVE,Choose the correct answer for each of the questions.,IFRAME,"<iframe style=""max-width:100%"" src=""https://wordwall.net/embed/play/97595/764/532"" width=""500"" height=""380"" frameborder=""0"" allowfullscreen></iframe>"
Class 5,English,1,Papa’s Spectacles,1,Whack-a-Mole,INTERACTIVE,Hit the spellings that are correct.,IFRAME,"<iframe style=""max-width:100%"" src=""https://wordwall.net/embed/play/97595/381/359"" width=""500"" height=""380"" frameborder=""0"" allowfullscreen></iframe>"
Class 5,English,1,Papa’s Spectacles,1,Matching Pairs,INTERACTIVE,Decide if the pair of cards are opposite pairs or not.,IFRAME,"<iframe style=""max-width:100%"" src=""https://wordwall.net/embed/play/97595/891/117"" width=""500"" height=""380"" frameborder=""0"" allowfullscreen></iframe>"
Class 5,English,1,Papa’s Spectacles,1,Arrange in Order,INTERACTIVE,Sort these things from smallest to largest.,IFRAME,"<iframe allow=""fullscreen; autoplay; allow-top-navigation-by-user-activation"" allowfullscreen width=""795"" height=""690"" frameborder=""0"" src=""https://www.educaplay.com/game/25379582-size_order_textiles.html""></iframe>"
Class 5,English,1,Papa’s Spectacles,1,True or False,INTERACTIVE,Check if these statements are true or false.,IFRAME,"<iframe allow=""fullscreen; autoplay; allow-top-navigation-by-user-activation"" allowfullscreen width=""795"" height=""690"" frameborder=""0"" src=""https://www.educaplay.com/game/25379659-lost_specs_true_or_false.html""></iframe>"
Class 5,English,1,Gone with the Scooter,2,Fill in the Blanks,INTERACTIVE,Complete the sentences using the correct words.,IFRAME,"<iframe style=""max-width:100%"" src=""https://wordwall.net/embed/play/97599/090/932"" width=""500"" height=""380"" frameborder=""0"" allowfullscreen></iframe>"
Class 5,English,1,Gone with the Scooter,2,True or False,INTERACTIVE,Read the statements and decide if they are true or false.,IFRAME,"<iframe allow=""fullscreen; autoplay; allow-top-navigation-by-user-activation"" allowfullscreen width=""795"" height=""690"" frameborder=""0"" src=""https://www.educaplay.com/game/25379660-hockey_ball_true_or_false.html""></iframe>"
Class 5,English,1,Gone with the Scooter,2,Multiple Choice Questions,INTERACTIVE,Choose the correct answer after placing your bet.,IFRAME,"<iframe style=""max-width:100%"" src=""https://wordwall.net/embed/play/97599/309/680"" width=""500"" height=""380"" frameborder=""0"" allowfullscreen></iframe>"
Class 5,English,1,Gone with the Scooter,2,Learn the Keywords,INTERACTIVE,Match the keywords and their definitions.,IFRAME,"<iframe style=""max-width:100%"" src=""https://wordwall.net/embed/play/97599/201/915"" width=""500"" height=""380"" frameborder=""0"" allowfullscreen></iframe>"
Class 5,English,1,Gone with the Scooter,2,Guess the Word,INTERACTIVE,"Using the clues given below, write words that have ‘ai’ in the middle.",IFRAME,"<iframe style=""max-width:100%"" src=""https://wordwall.net/embed/play/97598/348/975"" width=""500"" height=""380"" frameborder=""0"" allowfullscreen></iframe>"
Class 5,English,1,Gone with the Scooter,2,Sorting Activity,INTERACTIVE,Sort these words into the correct groups.,IFRAME,"<iframe style=""max-width:100%"" src=""https://wordwall.net/embed/play/97598/169/816"" width=""500"" height=""380"" frameborder=""0"" allowfullscreen></iframe>"
Class 5,English,1,The Rainbow,3,Fill in the Blanks,INTERACTIVE,Fill in the blanks with the correct word.,IFRAME,"<iframe style=""max-width:100%"" src=""https://wordwall.net/embed/play/97773/005/464"" width=""500"" height=""380"" frameborder=""0"" allowfullscreen></iframe>"
Class 5,English,1,The Rainbow,3,Multiple Choice Questions,INTERACTIVE,Choose the correct answer for each of the questions.,IFRAME,"<iframe style=""max-width:100%"" src=""https://wordwall.net/embed/play/97773/189/284"" width=""500"" height=""380"" frameborder=""0"" allowfullscreen></iframe>"
Class 5,English,1,The Rainbow,3,True or False,INTERACTIVE,Check if these statements are true or false.,IFRAME,"<iframe allow=""fullscreen; autoplay; allow-top-navigation-by-user-activation"" allowfullscreen width=""795"" height=""690"" frameborder=""0"" src=""https://www.educaplay.com/game/25379661-rainbow_rivers_true_false_quiz.html""></iframe>"
Class 5,English,1,The Rainbow,3,Learn the Keywords,INTERACTIVE,Rearrange the letters to make these keywords.,IFRAME,"<iframe style=""max-width:100%"" src=""https://wordwall.net/embed/play/97773/520/210"" width=""500"" height=""380"" frameborder=""0"" allowfullscreen></iframe>"
Class 5,English,1,The Rainbow,3,Guess the Word,INTERACTIVE,Write an opposite word that starts with 's'.,IFRAME,"<iframe style=""max-width:100%"" src=""https://wordwall.net/embed/play/97773/868/325"" width=""500"" height=""380"" frameborder=""0"" allowfullscreen></iframe>"
Class 5,English,1,The Wise Parrot,4,Arrange in Order,INTERACTIVE,Sort these statements in the correct order.,IFRAME,"<iframe allow=""fullscreen; autoplay; allow-top-navigation-by-user-activation"" allowfullscreen width=""795"" height=""690"" frameborder=""0"" src=""https://www.educaplay.com/game/25422819-parrot_s_flight_order_the_tale.html""></iframe>"
Class 5,English,1,The Wise Parrot,4,True or False,INTERACTIVE,Read the statements and decide if they are true or false.,IFRAME,"<iframe allow=""fullscreen; autoplay; allow-top-navigation-by-user-activation"" allowfullscreen width=""795"" height=""690"" frameborder=""0"" src=""https://www.educaplay.com/game/25379662-parrot_escape_true_or_false.html""></iframe>"
Class 5,English,1,The Wise Parrot,4,Multiple Choice Questions,INTERACTIVE,Choose the correct answer after placing your bet.,IFRAME,"<iframe style=""max-width:100%"" src=""https://wordwall.net/embed/play/97774/256/603"" width=""500"" height=""380"" frameborder=""0"" allowfullscreen></iframe>"
Class 5,English,1,The Wise Parrot,4,Fill in the Blanks,INTERACTIVE,Fill in the blanks with the correct group of words.,IFRAME,"<iframe style=""max-width:100%"" src=""https://wordwall.net/embed/play/97774/753/475"" width=""500"" height=""380"" frameborder=""0"" allowfullscreen></iframe>"
Class 5,English,1,The Wise Parrot,4,Learn the Keywords,INTERACTIVE,Match the keywords and their definitions.,IFRAME,"<iframe style=""max-width:100%"" src=""https://wordwall.net/embed/play/97774/381/291"" width=""500"" height=""380"" frameborder=""0"" allowfullscreen></iframe>"
Class 5,English,1,The Frog,5,Multiple Choice Questions,INTERACTIVE,Choose the correct answer for each of the questions.,IFRAME,"<iframe allow=""fullscreen; autoplay; allow-top-navigation-by-user-activation"" allowfullscreen width=""795"" height=""690"" frameborder=""0"" src=""https://www.educaplay.com/game/25422832-frog_facts_quiz.html""></iframe>"
Class 5,English,1,The Frog,5,True or False,INTERACTIVE,Check if these statements are true or false.,IFRAME,"<iframe allow=""fullscreen; autoplay; allow-top-navigation-by-user-activation"" allowfullscreen width=""795"" height=""690"" frameborder=""0"" src=""https://www.educaplay.com/game/25379663-frog_facts_true_or_false.html""></iframe>"
Class 5,English,1,The Frog,5,Unjumble the Words,INTERACTIVE,Drag and drop the words to form correct sentences.,IFRAME,"<iframe style=""max-width:100%"" src=""https://wordwall.net/embed/play/97778/764/335"" width=""500"" height=""380"" frameborder=""0"" allowfullscreen></iframe>"
Class 5,English,1,The Frog,5,Learn the Keywords,INTERACTIVE,Match the keywords and their definitions.,IFRAME,"<iframe style=""max-width:100%"" src=""https://wordwall.net/embed/play/97779/076/297"" width=""500"" height=""380"" frameborder=""0"" allowfullscreen></iframe>"
Class 5,EVS,2,Water—The Essence of Life,1,True or False,INTERACTIVE,Check if these statements are true or false.,IFRAME,"<iframe style=""max-width:100%"" src=""https://wordwall.net/embed/play/97516/553/370"" width=""500"" height=""380"" frameborder=""0"" allowfullscreen></iframe>"
Class 5,EVS,2,Water—The Essence of Life,1,Learn the Keywords,INTERACTIVE,Match the keywords and their definitions.,IFRAME,"<iframe style=""max-width:100%"" src=""https://wordwall.net/embed/play/97519/751/657"" width=""500"" height=""380"" frameborder=""0"" allowfullscreen></iframe>"
Class 5,EVS,2,Water—The Essence of Life,1,Multiple Choice Questions,INTERACTIVE,Choose the correct answer for each of the questions.,IFRAME,"<iframe style=""max-width:100%"" src=""https://wordwall.net/embed/play/97520/810/418"" width=""500"" height=""380"" frameborder=""0"" allowfullscreen></iframe>"
Class 5,EVS,2,Water—The Essence of Life,1,Matching Activity,INTERACTIVE,Match the creatures/plants and their descriptions.,IFRAME,"<iframe style=""max-width:100%"" src=""https://wordwall.net/embed/play/97520/291/945"" width=""500"" height=""380"" frameborder=""0"" allowfullscreen></iframe>"
Class 5,EVS,2,Water—The Essence of Life,1,Grouping Activity,INTERACTIVE,Sort these statements into the correct groups.,IFRAME,"<iframe style=""max-width:100%"" src=""https://wordwall.net/embed/play/97521/388/918"" width=""500"" height=""380"" frameborder=""0"" allowfullscreen></iframe>"
Class 5,EVS,2,Water—The Essence of Life,1,Arrange in Order,INTERACTIVE,Sort the steps of the water cycle from start to finish.,IFRAME,"<iframe allow=""fullscreen; autoplay; allow-top-navigation-by-user-activation"" allowfullscreen width=""795"" height=""690"" frameborder=""0"" src=""https://www.educaplay.com/game/25361219-water_cycle_put_in_order.html""></iframe>"
Class 5,EVS,2,Water—The Essence of Life,1,True or False,INTERACTIVE,Read the statements and decide if they are true or false.,IFRAME,"<iframe allow=""fullscreen; autoplay; allow-top-navigation-by-user-activation"" allowfullscreen width=""795"" height=""690"" frameborder=""0"" src=""https://www.educaplay.com/game/25360481-ncert_5_evs_1_true_or_false_check_if_these_statements_are_true_or_false.html""></iframe>"
Class 5,EVS,2,Journey of a River,2,True or False,INTERACTIVE,Check if these statements are true or false.,IFRAME,"<iframe allow=""fullscreen; autoplay; allow-top-navigation-by-user-activation"" allowfullscreen width=""795"" height=""690"" frameborder=""0"" src=""https://www.educaplay.com/game/25360478-ncert_5_evs_2_true_or_false_check_if_these_statements_are_true_or_false.html""></iframe>"
Class 5,EVS,2,Journey of a River,2,Multiple Choice Questions,INTERACTIVE,Choose the correct answer after placing your bet.,IFRAME,"<iframe style=""max-width:100%"" src=""https://wordwall.net/embed/play/97520/990/152"" width=""500"" height=""380"" frameborder=""0"" allowfullscreen></iframe>"
Class 5,EVS,2,Journey of a River,2,Learn the Keywords,INTERACTIVE,Rearrange the letters to make these keywords using their definitions as clues.,IFRAME,"<iframe style=""max-width:100%"" src=""https://wordwall.net/embed/play/97520/513/662"" width=""500"" height=""380"" frameborder=""0"" allowfullscreen></iframe>"
Class 5,EVS,2,Journey of a River,2,Sorting Activity,INTERACTIVE,Sort these statements into the correct groups.,IFRAME,"<iframe style=""max-width:100%"" src=""https://wordwall.net/embed/play/97521/231/703"" width=""500"" height=""380"" frameborder=""0"" allowfullscreen></iframe>"
Class 5,EVS,2,Journey of a River,2,True or False,INTERACTIVE,Read the statements and decide if they are true or false.,IFRAME,"<iframe style=""max-width:100%"" src=""https://wordwall.net/embed/play/97516/620/204"" width=""500"" height=""380"" frameborder=""0"" allowfullscreen></iframe>"
Class 5,EVS,2,The Mystery of Food,3,True or False,INTERACTIVE,Check if these statements are true or false.,IFRAME,"<iframe style=""max-width:100%"" src=""https://wordwall.net/embed/play/97516/702/460"" width=""500"" height=""380"" frameborder=""0"" allowfullscreen></iframe>"
Class 5,EVS,2,The Mystery of Food,3,Multiple Choice Questions,INTERACTIVE,Choose the correct answer for each of the questions.,IFRAME,"<iframe style=""max-width:100%"" src=""https://wordwall.net/embed/play/97521/797/157"" width=""500"" height=""380"" frameborder=""0"" allowfullscreen></iframe>"
Class 5,EVS,2,The Mystery of Food,3,Label the Diagram,INTERACTIVE,Label the different types of teeth.,IFRAME,"<iframe style=""max-width:100%"" src=""https://wordwall.net/embed/play/97522/109/454"" width=""500"" height=""380"" frameborder=""0"" allowfullscreen></iframe>"
Class 5,EVS,2,The Mystery of Food,3,Matching Pairs,INTERACTIVE,Decide if the observation on the left card leads to the conclusion on the right card.,IFRAME,"<iframe style=""max-width:100%"" src=""https://wordwall.net/embed/play/97522/595/415"" width=""500"" height=""380"" frameborder=""0"" allowfullscreen></iframe>"
Class 5,EVS,2,The Mystery of Food,3,True or False,INTERACTIVE,Read the statements and decide if they are true or false.,IFRAME,"<iframe allow=""fullscreen; autoplay; allow-top-navigation-by-user-activation"" allowfullscreen width=""795"" height=""690"" frameborder=""0"" src=""https://www.educaplay.com/game/25360479-ncert_5_evs_3_true_or_false_check_if_these_statements_are_true_or_false.html""></iframe>"
Class 5,EVS,2,Our School—A Happy Place,4,True or False,INTERACTIVE,Check if these statements are true or false.,IFRAME,"<iframe allow=""fullscreen; autoplay; allow-top-navigation-by-user-activation"" allowfullscreen width=""795"" height=""690"" frameborder=""0"" src=""https://www.educaplay.com/game/25360482-ncert_5_evs_4_true_or_false_check_if_these_statements_are_true_or_false.html""></iframe>"
Class 5,EVS,2,Our School—A Happy Place,4,Multiple Choice Questions,INTERACTIVE,Choose the correct answer for each of the questions.,IFRAME,"<iframe allow=""fullscreen; autoplay; allow-top-navigation-by-user-activation"" allowfullscreen width=""795"" height=""690"" frameborder=""0"" src=""https://www.educaplay.com/game/25361196-eco_etiquette_quiz.html""></iframe>"
Class 5,EVS,2,Our School—A Happy Place,4,Grouping Activity,INTERACTIVE,Sort these statements into the correct groups.,IFRAME,"<iframe style=""max-width:100%"" src=""https://wordwall.net/embed/play/97523/093/716"" width=""500"" height=""380"" frameborder=""0"" allowfullscreen></iframe>"
Class 5,EVS,2,Our School—A Happy Place,4,Sorting Activity,INTERACTIVE,During a fire which of these are Do's and which are Dont's.,IFRAME,"<iframe style=""max-width:100%"" src=""https://wordwall.net/embed/play/97524/114/186"" width=""500"" height=""380"" frameborder=""0"" allowfullscreen></iframe>"
Class 5,EVS,2,Our School—A Happy Place,4,Multiple Choice Questions,INTERACTIVE,Choose the correct answer after placing your bet.,IFRAME,"<iframe style=""max-width:100%"" src=""https://wordwall.net/embed/play/97522/845/241"" width=""500"" height=""380"" frameborder=""0"" allowfullscreen></iframe>"
Class 5,EVS,2,Our School—A Happy Place,4,True or False,INTERACTIVE,Read the statements and decide if they are true or false.,IFRAME,"<iframe style=""max-width:100%"" src=""https://wordwall.net/embed/play/97516/790/814"" width=""500"" height=""380"" frameborder=""0"" allowfullscreen></iframe>"
Class 5,EVS,2,Our Vibrant Country,5,True or False,INTERACTIVE,Check if these statements are true or false.,IFRAME,"<iframe style=""max-width:100%"" src=""https://wordwall.net/embed/play/97516/854/123"" width=""500"" height=""380"" frameborder=""0"" allowfullscreen></iframe>"
Class 5,EVS,2,Our Vibrant Country,5,Multiple Choice Questions,INTERACTIVE,Choose the correct answer for each of the questions.,IFRAME,"<iframe style=""max-width:100%"" src=""https://wordwall.net/embed/play/97525/042/265"" width=""500"" height=""380"" frameborder=""0"" allowfullscreen></iframe>"
Class 5,EVS,2,Our Vibrant Country,5,Sorting Activity,INTERACTIVE,Sort these statements according to the day it represents.,IFRAME,"<iframe style=""max-width:100%"" src=""https://wordwall.net/embed/play/97683/828/310"" width=""500"" height=""380"" frameborder=""0"" allowfullscreen></iframe>"
Class 5,EVS,2,Our Vibrant Country,5,Multiple Choice Questions,INTERACTIVE,Choose the correct answer for each of the questions.,IFRAME,"<iframe allow=""fullscreen; autoplay; allow-top-navigation-by-user-activation"" allowfullscreen width=""795"" height=""690"" frameborder=""0"" src=""https://www.educaplay.com/game/25361404-national_symbols_mcq_challenge.html""></iframe>"
Class 5,EVS,2,Our Vibrant Country,5,True or False,INTERACTIVE,Read the statements and decide if they are true or false.,IFRAME,"<iframe allow=""fullscreen; autoplay; allow-top-navigation-by-user-activation"" allowfullscreen width=""795"" height=""690"" frameborder=""0"" src=""https://www.educaplay.com/game/25360483-ncert_5_evs_5_true_or_false_check_if_these_statements_are_true_or_false.html""></iframe>"
Class 5,Maths,3,We the Travellers—I,1,Type the Answer,INTERACTIVE,Type the correct answers in numbers.,IFRAME,"<iframe style=""max-width:100%"" src=""https://wordwall.net/embed/play/97530/169/103"" width=""500"" height=""380"" frameborder=""0"" allowfullscreen></iframe>"
Class 5,Maths,3,We the Travellers—I,1,Type the Answer,INTERACTIVE,Type the number without commas.,IFRAME,"<iframe style=""max-width:100%"" src=""https://wordwall.net/embed/play/97529/659/607"" width=""500"" height=""380"" frameborder=""0"" allowfullscreen></iframe>"
Class 5,Maths,3,We the Travellers—I,1,Multiple Choice Questions,INTERACTIVE,Spell the numbers correctly.,IFRAME,"<iframe allow=""fullscreen; autoplay; allow-top-navigation-by-user-activation"" allowfullscreen width=""795"" height=""690"" frameborder=""0"" src=""https://www.educaplay.com/game/25361806-number_spelling_challenge.html""></iframe>"
Class 5,Maths,3,We the Travellers—I,1,Arrange in Order,INTERACTIVE,Sort the numbers from smallest to largest.,IFRAME,"<iframe allow=""fullscreen; autoplay; allow-top-navigation-by-user-activation"" allowfullscreen width=""795"" height=""690"" frameborder=""0"" src=""https://www.educaplay.com/game/25361824-numbers_in_ascending_order.html""></iframe>"
Class 6,English,1,A Bottle of Dew,1,Multiple Choice Questions,INTERACTIVE,Choose the correct answer for each of the questions.,IFRAME,"<iframe style=""max-width:100%"" src=""https://wordwall.net/embed/play/97611/716/513"" width=""500"" height=""380"" frameborder=""0"" allowfullscreen></iframe>"
Class 6,English,1,A Bottle of Dew,1,Fill in the Blanks,INTERACTIVE,Fill in the blanks with the correct word.,IFRAME,"<iframe style=""max-width:100%"" src=""https://wordwall.net/embed/play/97612/307/747"" width=""500"" height=""380"" frameborder=""0"" allowfullscreen></iframe>"
Class 6,English,1,A Bottle of Dew,1,Grouping Activity,INTERACTIVE,Sort these statements into the correct groups.,IFRAME,"<iframe style=""max-width:100%"" src=""https://wordwall.net/embed/play/97612/101/627"" width=""500"" height=""380"" frameborder=""0"" allowfullscreen></iframe>"
Class 6,English,1,A Bottle of Dew,1,Learn the Keywords,INTERACTIVE,Match the keywords and their definitions.,IFRAME,"<iframe style=""max-width:100%"" src=""https://wordwall.net/embed/play/97611/835/301"" width=""500"" height=""380"" frameborder=""0"" allowfullscreen></iframe>"
Class 6,English,1,A Bottle of Dew,1,Matching Pairs,INTERACTIVE,Tap the tiles and find pairs of same sounding words.,IFRAME,"<iframe style=""max-width:100%"" src=""https://wordwall.net/embed/play/97612/697/169"" width=""500"" height=""380"" frameborder=""0"" allowfullscreen></iframe>"
Class 6,English,1,A Bottle of Dew,1,True or False,INTERACTIVE,Read the statements and decide if they are true or false.,IFRAME,"<iframe allow=""fullscreen; autoplay; allow-top-navigation-by-user-activation"" allowfullscreen width=""795"" height=""690"" frameborder=""0"" src=""https://www.educaplay.com/game/25381293-rama_natha_dew_pots_bananas.html""></iframe>"
Class 6,English,1,The Raven and the Fox,2,True or False,INTERACTIVE,Check if these statements are true or false.,IFRAME,"<iframe allow=""fullscreen; autoplay; allow-top-navigation-by-user-activation"" allowfullscreen width=""795"" height=""690"" frameborder=""0"" src=""https://www.educaplay.com/game/25381294-the_raven_and_the_fox_true_or_false.html""></iframe>"
Class 6,English,1,The Raven and the Fox,2,Fill in the Blanks,INTERACTIVE,Fill in the blanks with the correct word.,IFRAME,"<iframe allow=""fullscreen; autoplay; allow-top-navigation-by-user-activation"" allowfullscreen width=""795"" height=""690"" frameborder=""0"" src=""https://www.educaplay.com/game/25440454-ncert_6_english_1_fill_in_the_blanks.html""></iframe>"
Class 6,English,1,The Raven and the Fox,2,Multiple Choice Questions,INTERACTIVE,Choose the correct answer for each of the questions.,IFRAME,"<iframe allow=""fullscreen; autoplay; allow-top-navigation-by-user-activation"" allowfullscreen width=""795"" height=""690"" frameborder=""0"" src=""https://www.educaplay.com/game/25440517-raven_and_fox_quiz.html""></iframe>"
Class 6,English,1,The Raven and the Fox,2,Matching Activity,INTERACTIVE,Match each word with its opposite term.,IFRAME,"<iframe allow=""fullscreen; autoplay; allow-top-navigation-by-user-activation"" allowfullscreen width=""795"" height=""690"" frameborder=""0"" src=""https://www.educaplay.com/game/25440543-word_pairs_related_concepts.html""></iframe>"
Class 6,English,1,The Raven and the Fox,2,Learn the Keywords,INTERACTIVE,Match the keywords and their definitions.,IFRAME,"<iframe style=""max-width:100%"" src=""https://wordwall.net/embed/play/97837/332/122"" width=""500"" height=""380"" frameborder=""0"" allowfullscreen></iframe>"
Class 6,English,1,The Raven and the Fox,2,Multiple Choice Questions,INTERACTIVE,Open each box and choose the correct answer for each of the questions.,IFRAME,"<iframe style=""max-width:100%"" src=""https://wordwall.net/embed/play/97837/711/684"" width=""500"" height=""380"" frameborder=""0"" allowfullscreen></iframe>"
Class 6,English,1,Rama to the Rescue,3,True or False,INTERACTIVE,Check if these statements are true or false.,IFRAME,"<iframe allow=""fullscreen; autoplay; allow-top-navigation-by-user-activation"" allowfullscreen width=""795"" height=""690"" frameborder=""0"" src=""https://www.educaplay.com/game/25381295-night_thief_true_or_false.html""></iframe>"
Class 6,English,1,Rama to the Rescue,3,Multiple Choice Questions,INTERACTIVE,Choose the correct answer for each of the questions.,IFRAME,"<iframe allow=""fullscreen; autoplay; allow-top-navigation-by-user-activation"" allowfullscreen width=""795"" height=""690"" frameborder=""0"" src=""https://www.educaplay.com/game/25440628-rama_and_the_robbery_quick_quiz.html""></iframe>"
Class 6,English,1,Rama to the Rescue,3,Learn the Keywords,INTERACTIVE,Rearrange the letters to make these keywords using their definitions as clues.,IFRAME,"<iframe style=""max-width:100%"" src=""https://wordwall.net/embed/play/97837/781/778"" width=""500"" height=""380"" frameborder=""0"" allowfullscreen></iframe>"
Class 6,English,1,Rama to the Rescue,3,Sorting Activity,INTERACTIVE,Sort these statements into the correct groups.,IFRAME,"<iframe style=""max-width:100%"" src=""https://wordwall.net/embed/play/97838/084/805"" width=""500"" height=""380"" frameborder=""0"" allowfullscreen></iframe>"
Class 6,English,1,Rama to the Rescue,3,Fill in the Blanks,INTERACTIVE,Fill in the blanks with the present progressive tense of the verb.,IFRAME,"<iframe style=""max-width:100%"" src=""https://wordwall.net/embed/play/97838/230/628"" width=""500"" height=""380"" frameborder=""0"" allowfullscreen></iframe>"
Class 6,English,1,Rama to the Rescue,3,Multiple Choice Questions,INTERACTIVE,Fill in the blanks with the correct word - adjective or adverb.,IFRAME,"<iframe style=""max-width:100%"" src=""https://wordwall.net/embed/play/97838/388/929"" width=""500"" height=""380"" frameborder=""0"" allowfullscreen></iframe>"
Class 6,English,1,The Unlikely Best Friends,4,True or False,INTERACTIVE,Check if these statements are true or false.,IFRAME,"<iframe allow=""fullscreen; autoplay; allow-top-navigation-by-user-activation"" allowfullscreen width=""795"" height=""690"" frameborder=""0"" src=""https://www.educaplay.com/game/25381296-true_or_false_gajaraj_buntee.html""></iframe>"
Class 6,English,1,The Unlikely Best Friends,4,Multiple Choice Questions,INTERACTIVE,Choose the correct answer for each of the questions.,IFRAME,"<iframe allow=""fullscreen; autoplay; allow-top-navigation-by-user-activation"" allowfullscreen width=""795"" height=""690"" frameborder=""0"" src=""https://www.educaplay.com/game/25440847-gajaraj_and_buntee_story_quiz.html""></iframe>"
Class 6,English,1,The Unlikely Best Friends,4,Arrange in Order,INTERACTIVE,Sort these sentences in the correct order of the story.,IFRAME,"<iframe style=""max-width:100%"" src=""https://wordwall.net/embed/play/97838/897/898"" width=""500"" height=""380"" frameborder=""0"" allowfullscreen></iframe>"
Class 6,English,1,The Unlikely Best Friends,4,Learn the Keywords,INTERACTIVE,Match the keywords and their definitions.,IFRAME,"<iframe style=""max-width:100%"" src=""https://wordwall.net/embed/play/97838/555/721"" width=""500"" height=""380"" frameborder=""0"" allowfullscreen></iframe>"
Class 6,English,1,The Unlikely Best Friends,4,Fill in the Blanks,INTERACTIVE,Fill in the blanks with the correct words.,IFRAME,"<iframe style=""max-width:100%"" src=""https://wordwall.net/embed/play/97839/268/260"" width=""500"" height=""380"" frameborder=""0"" allowfullscreen></iframe>"
Class 6,English,1,The Unlikely Best Friends,4,Guess the Word,INTERACTIVE,Guess the letters to make the opposites of these words.,IFRAME,"<iframe style=""max-width:100%"" src=""https://wordwall.net/embed/play/97839/497/618"" width=""500"" height=""380"" frameborder=""0"" allowfullscreen></iframe>"
